text,sentiment
I love this product,positive
This is amazing,positive
Very good experience,positive
I am very happy,positive
The service was excellent,positive
Absolutely fantastic,positive
I really enjoyed this,positive
Superb quality,positive
Highly recommended,positive
Great work,positive
This made my day,positive
I like it a lot,positive
Wonderful experience,positive
The product works perfectly,positive
Brilliant idea,positive
So satisfying,positive
Very impressive,positive
Outstanding service,positive
Everything was perfect,positive
I am satisfied with the results,positive
I hate this product,negative
Worst experience ever,negative
Very bad service,negative
I am disappointed,negative
Terrible quality,negative
Not good at all,negative
I regret buying this,negative
Very poor performance,negative
Completely useless,negative
Awful experience,negative
This made me angry,negative
I dislike it,negative
Horrible design,negative
Waste of money,negative
Extremely frustrating,negative
Not worth it,negative
Very disappointing,negative
Bad customer service,negative
It broke immediately,negative
I will not recommend this,negative
I love this product,positive
This is amazing,positive
Very good experience,positive
I am very happy,positive
The service was excellent,positive
Absolutely fantastic,positive
I really enjoyed this,positive
Superb quality,positive
Highly recommended,positive
Great work,positive
This made my day,positive
I like it a lot,positive
Wonderful experience,positive
The product works perfectly,positive
Brilliant idea,positive
So satisfying,positive
Very impressive,positive
Outstanding service,positive
Everything was perfect,positive
I am satisfied with the results,positive
I hate this product,negative
Worst experience ever,negative
Very bad service,negative
I am disappointed,negative
Terrible quality,negative
Not good at all,negative
I regret buying this,negative
Very poor performance,negative
Completely useless,negative
Awful experience,negative
This made me angry,negative
I dislike it,negative
Horrible design,negative
Waste of money,negative
Extremely frustrating,negative
Not worth it,negative
Very disappointing,negative
Bad customer service,negative
It broke immediately,negative
I will not recommend this,negative
I love this product,positive
This is amazing,positive
Very good experience,positive
I am very happy,positive
The service was excellent,positive
Absolutely fantastic,positive
I really enjoyed this,positive
Superb quality,positive
Highly recommended,positive
Great work,positive
This made my day,positive
I like it a lot,positive
Wonderful experience,positive
The product works perfectly,positive
Brilliant idea,positive
So satisfying,positive
Very impressive,positive
Outstanding service,positive
Everything was perfect,positive
I am satisfied with the results,positive
I hate this product,negative
Worst experience ever,negative
Very bad service,negative
I am disappointed,negative
Terrible quality,negative
Not good at all,negative
I regret buying this,negative
Very poor performance,negative
Completely useless,negative
Awful experience,negative
This made me angry,negative
I dislike it,negative
Horrible design,negative
Waste of money,negative
Extremely frustrating,negative
Not worth it,negative
Very disappointing,negative
Bad customer service,negative
It broke immediately,negative
I will not recommend this,negative
I love this product,positive
This is amazing,positive
Very good experience,positive
I am very happy,positive
The service was excellent,positive
Absolutely fantastic,positive
I really enjoyed this,positive
Superb quality,positive
Highly recommended,positive
Great work,positive
This made my day,positive
I like it a lot,positive
Wonderful experience,positive
The product works perfectly,positive
Brilliant idea,positive
So satisfying,positive
Very impressive,positive
Outstanding service,positive
Everything was perfect,positive
I am satisfied with the results,positive
I hate this product,negative
Worst experience ever,negative
Very bad service,negative
I am disappointed,negative
Terrible quality,negative
Not good at all,negative
I regret buying this,negative
Very poor performance,negative
Completely useless,negative
Awful experience,negative
This made me angry,negative
I dislike it,negative
Horrible design,negative
Waste of money,negative
Extremely frustrating,negative
Not worth it,negative
Very disappointing,negative
Bad customer service,negative
It broke immediately,negative
I will not recommend this,negative
I love this product,positive
This is amazing,positive
Very good experience,positive
I am very happy,positive
The service was excellent,positive
Absolutely fantastic,positive
I really enjoyed this,positive
Superb quality,positive
Highly recommended,positive
Great work,positive
This made my day,positive
I like it a lot,positive
Wonderful experience,positive
The product works perfectly,positive
Brilliant idea,positive
So satisfying,positive
Very impressive,positive
Outstanding service,positive
Everything was perfect,positive
I am satisfied with the results,positive
I hate this product,negative
Worst experience ever,negative
Very bad service,negative
I am disappointed,negative
Terrible quality,negative
Not good at all,negative
I regret buying this,negative
Very poor performance,negative
Completely useless,negative
Awful experience,negative
This made me angry,negative
I dislike it,negative
Horrible design,negative
Waste of money,negative
Extremely frustrating,negative
Not worth it,negative
Very disappointing,negative
Bad customer service,negative
It broke immediately,negative
I will not recommend this,negative
I love this product,positive
This is amazing,positive
Very good experience,positive
I am very happy,positive
The service was excellent,positive
Absolutely fantastic,positive
I really enjoyed this,positive
Superb quality,positive
Highly recommended,positive
Great work,positive
This made my day,positive
I like it a lot,positive
Wonderful experience,positive
The product works perfectly,positive
Brilliant idea,positive
So satisfying,positive
Very impressive,positive
Outstanding service,positive
Everything was perfect,positive
I am satisfied with the results,positive
I hate this product,negative
Worst experience ever,negative
Very bad service,negative
I am disappointed,negative
Terrible quality,negative
Not good at all,negative
I regret buying this,negative
Very poor performance,negative
Completely useless,negative
Awful experience,negative
This made me angry,negative
I dislike it,negative
Horrible design,negative
Waste of money,negative
Extremely frustrating,negative
Not worth it,negative
Very disappointing,negative
Bad customer service,negative
It broke immediately,negative
I will not recommend this,negative
I love this product,positive
This is amazing,positive
Very good experience,positive
I am very happy,positive
The service was excellent,positive
Absolutely fantastic,positive
I really enjoyed this,positive
Superb quality,positive
Highly recommended,positive
Great work,positive
This made my day,positive
I like it a lot,positive
Wonderful experience,positive
The product works perfectly,positive
Brilliant idea,positive
So satisfying,positive
Very impressive,positive
Outstanding service,positive
Everything was perfect,positive
I am satisfied with the results,positive
I hate this product,negative
Worst experience ever,negative
Very bad service,negative
I am disappointed,negative
Terrible quality,negative
Not good at all,negative
I regret buying this,negative
Very poor performance,negative
Completely useless,negative
Awful experience,negative
This made me angry,negative
I dislike it,negative
Horrible design,negative
Waste of money,negative
Extremely frustrating,negative
Not worth it,negative
Very disappointing,negative
Bad customer service,negative
It broke immediately,negative
I will not recommend this,negative
I love this product,positive
This is amazing,positive
Very good experience,positive
I am very happy,positive
The service was excellent,positive
Absolutely fantastic,positive
I really enjoyed this,positive
Superb quality,positive
Highly recommended,positive
Great work,positive
This made my day,positive
I like it a lot,positive
Wonderful experience,positive
The product works perfectly,positive
Brilliant idea,positive
So satisfying,positive
Very impressive,positive
Outstanding service,positive
Everything was perfect,positive
I am satisfied with the results,positive
I hate this product,negative
Worst experience ever,negative
Very bad service,negative
I am disappointed,negative
Terrible quality,negative
Not good at all,negative
I regret buying this,negative
Very poor performance,negative
Completely useless,negative
Awful experience,negative
This made me angry,negative
I dislike it,negative
Horrible design,negative
Waste of money,negative
Extremely frustrating,negative
Not worth it,negative
Very disappointing,negative
Bad customer service,negative
It broke immediately,negative
I will not recommend this,negative
I love this product,positive
This is amazing,positive
Very good experience,positive
I am very happy,positive
The service was excellent,positive
Absolutely fantastic,positive
I really enjoyed this,positive
Superb quality,positive
Highly recommended,positive
Great work,positive
This made my day,positive
I like it a lot,positive
Wonderful experience,positive
The product works perfectly,positive
Brilliant idea,positive
So satisfying,positive
Very impressive,positive
Outstanding service,positive
Everything was perfect,positive
I am satisfied with the results,positive
I hate this product,negative
Worst experience ever,negative
Very bad service,negative
I am disappointed,negative
Terrible quality,negative
Not good at all,negative
I regret buying this,negative
Very poor performance,negative
Completely useless,negative
Awful experience,negative
This made me angry,negative
I dislike it,negative
Horrible design,negative
Waste of money,negative
Extremely frustrating,negative
Not worth it,negative
Very disappointing,negative
Bad customer service,negative
It broke immediately,negative
I will not recommend this,negative
I love this product,positive
This is amazing,positive
Very good experience,positive
I am very happy,positive
The service was excellent,positive
Absolutely fantastic,positive
I really enjoyed this,positive
Superb quality,positive
Highly recommended,positive
Great work,positive
This made my day,positive
I like it a lot,positive
Wonderful experience,positive
The product works perfectly,positive
Brilliant idea,positive
So satisfying,positive
Very impressive,positive
Outstanding service,positive
Everything was perfect,positive
I am satisfied with the results,positive
I hate this product,negative
Worst experience ever,negative
Very bad service,negative
I am disappointed,negative
Terrible quality,negative
Not good at all,negative
I regret buying this,negative
Very poor performance,negative
Completely useless,negative
Awful experience,negative
This made me angry,negative
I dislike it,negative
Horrible design,negative
Waste of money,negative
Extremely frustrating,negative
Not worth it,negative
Very disappointing,negative
Bad customer service,negative
It broke immediately,negative
I will not recommend this,negative
